# node_type	node_id	edge	target	evidence
# Current-state inventory of the executor engine as found on main @7f82c0b.
# Rows are OBSERVED facts only — gaps live in gap-graph.md, not here.
# node_type: artifact | role | verb | script | store | gate
# edge: writes | reads | gates | mints | dispatches | repairs

# ---------------------------------------------------------------- stores
store	executor-docs	docs/executor/ (thinking store, gitignored in THIS repo — .gitignore:8)
store	executor-run	.executor/ (execution store, self-ignoring via .executor/.gitignore)
store	registry-run	.executor/INDEX.md (Plan ID|Initiative|Status|Tasks|Started|Finished|Workspace)
store	registry-docs	docs/executor/INDEX.md (initiative registry)
store	local-decisions	.local/decisions/ (mirror target of exec-ruling)

# ---------------------------------------------------------------- scripts → artifacts (writes)
script	exec-workspace	writes	.executor/<INIT>/<Pnn>/{progress,rulings,preflight-scan,dispatches}.md via _exec-lib.sh:353
script	exec-workspace	writes	.executor/INDEX.md registry row, Status=running seeded — exec-workspace:70
script	exec-workspace	writes	.executor/<INIT>/rulings.md via exec_seed_initiative_rulings _exec-lib.sh:481
script	exec-run	writes	.executor/INDEX.md Status/Tasks/Finished cells — exec-run:82-94
script	exec-run	writes	progress.md Task-status row + "Tnn: dispatched" line — exec-run:210-235
script	exec-run	writes	dispatches.md Outcome cells (terminal close only) — exec-run:123-198
script	exec-report	writes	progress.md "Tnn: complete (commits…)" + Task-status row — exec-report:101-107
script	exec-report	writes	dispatches.md Outcome cells → complete — exec-report:111-133
script	exec-branch	writes	progress.md "Tnn: dispatched (branch X, base sha)" via exec_record_task_branch — _exec-lib.sh:274-313
script	exec-brief	writes	.executor/<INIT>/<Pnn>/briefs/<TID>-brief.md — exec-brief:19
script	exec-context	writes	.executor/<INIT>/<Pnn>/briefs/<TID>-context.md — exec-context:16
script	exec-review-package	writes	.executor/<INIT>/<Pnn>/reviews/diffs/<TID>-R<nn>-<base..head>.diff — exec-review-package:214
script	exec-fix-package	writes	.executor/<INIT>/<Pnn>/reviews/diffs/<TID>-R<nn>-fix-package.md — exec-fix-package:200
script	exec-evidence	writes	docs/executor/<INIT>/verification/evidence/<Pnn>/<VRFY>-V<nn>-R<nn>-<method>.txt — exec-evidence:20
script	exec-initiative	writes	docs/executor/<INIT>-<slug>/{charter,INDEX}.md + registry row — exec-initiative:363,406
script	exec-initiative	writes	INDEX.md phase log rows (entered|passed|auto-passed|skipped|superseded) — exec-initiative:587-597
script	exec-initiative	writes	registry/docs Status cells — exec-initiative:610,629
script	exec-initiative	writes	INDEX.md **Branch:** line (fork point) — exec-initiative:677
script	exec-ruling	writes	<workspace>/rulings.md + initiative rulings.md + .local/decisions/ — exec-ruling:116,148
script	exec-critique	writes	.executor/<INIT>/critique/<component>/{summary.md,dispatches.md,rulings.md} — exec-critique:136-158
script	exec-plan-regression	writes	.executor/<INIT>/plan-regression/{summary.md,dispatches.md,rulings.md} — exec-plan-regression:94-114
script	exec-step	writes	<run-dir>/state/.step-stamp (no-progress guard) — exec-step:59,91
script	exec-gate	writes	INDEX.md phase row via exec-initiative phase … passed|auto-passed — exec-gate:85-90,115-119
script	exec-id	mints	document IDs INIT-NNNN-<KIND>-<nn> (prints, does not write) — exec-id:26-40

# ---------------------------------------------------------------- scripts → artifacts (reads / gates)
script	exec-step	reads	progress.md, dispatches.md, reviews/verdicts/, reports/, INDEX.md phase log — exec-step:60-72,215-272,326-347
script	exec-supervise	reads	dispatches.md open rows + state/*.heartbeat — exec-supervise:50-104
script	exec-report	gates	verdict clean (spec_verdict PASS|null AND quality APPROVED) — exec-report:59-73, _exec-lib.sh:715-725
script	exec-run	gates	plan-regression passed/skipped before start — exec-run:279-299
script	exec-run	gates	fix-round cap 5 unless ruling exists — exec-run:249-266
script	exec-run	gates	exec_run_audit on complete — _exec-lib.sh:611-712
script	exec-initiative	gates	phase transitions (order, artifacts present, critique clear) — exec-initiative:455-613
script	exec-gate	gates	autonomous policy modes deny|gate|allow|pick — exec-gate:60-119
script	exec-plan-lint	gates	plan contract before planning gate — exec-plan-lint:10-33
script	exec-store-check	reads	entire thinking store; emits prose AUDIT/NOTE only — exec-store-check:13-61
script	exec-scan-secrets	reads	both stores for credential-shaped content — exec-scan-secrets:13

# ---------------------------------------------------------------- artifacts hand-written today (the write-side gap)
artifact	dispatches.md rows	written-by-hand	pump appends | Task|Role|Model|Agent|Branch|Started|Outcome|Context|Last-Seen | — no row creator exists; _exec-lib.sh:452 seeds header only
artifact	dispatches.md Outcome=revived-rvN	written-by-hand	decision table row executor/SKILL.md:127-128 instructs manual rewrite
artifact	dispatches.md Last-Seen	written-by-hand	"the pump refreshes it each turn" — _exec-lib.sh:450
artifact	state/<TID>.heartbeat	written-by-none	exec_touch_heartbeat has zero callers — _exec-lib.sh:776
artifact	progress.md ledger annotations	written-by-hand	canonical "dispatched (model…, agent…, base…)" per executor-execution/SKILL.md:521; exec-run writes bare "dispatched" — exec-run:235
artifact	INDEX.md Documents rows	written-by-hand	contracted as hand-edit — executor-initiative/SKILL.md:447
artifact	reports/<TID>-report.md	written-by-worker	IMPL only; fold reads existence not status — exec-step:215-228
artifact	reviews/verdicts/<TID>-R<nn>-verdict.md	written-by-worker	REVIEW role
artifact	supervisor-prompt [EVIDENCE]	set	written-by-hand	pump chooses adjudicator's evidence — supervisor-prompt.md:30,56-63

# ---------------------------------------------------------------- roles
role	IMPL	implementer	prompt executor-execution/implementer-prompt.md; id IMPL-Pnn-Tnn[-Rnn]
role	REVIEW	task reviewer	prompt executor-review/task-reviewer-prompt.md; id REVIEW-Pnn-Tnn-Rnn
role	REVIEW	re-reviewer	prompt executor-review/re-review-prompt.md; id REVIEW-Pnn-Tnn-Rnn
role	REVIEW	final reviewer	prompt executor-review/final-reviewer-prompt.md; id REVIEW-Pnn-final
role	VERIFY	evidence runner	prompt executor-verification/evidence-runner-prompt.md; id VERIFY-Pnn-Vnn[-Rnn]
role	AUDIT	component/plan auditor	prompts executor-critique/*auditor*, executor-plan-regression/plan-auditor-prompt.md
role	REPAIR	component/plan repairer	prompts executor-critique/*repairer*, executor-plan-regression/plan-repairer-prompt.md
role	SCOUT	prior-art scout	executor-brainstorm/prior-art-scout-prompt.md; id SCOUT-BRNnn
role	EXPLORE	concept explorer	executor-brainstorm/concept-explorer-prompt.md; id EXPLORE-BRNnn-<letter>
role	CRITIC	design critic	executor-brainstorm/design-critic-prompt.md; id CRITIC-BRNnn-Rnn
role	AUTHOR	phase artifact author	executor/author-prompt.md; id AUTHOR-<phase>; logged in <initiative dir>/dispatches.md
role	DECIDE	decision answerer	executor/decide-prompt.md; logged in rulings.md
role	SUPERVISOR	per-event adjudicator	executor/supervisor-prompt.md; logged in rulings.md

# ---------------------------------------------------------------- verbs (exec-step output vocabulary)
verb	REPAIR-STATE	actuator	exec-workspace (named repair) — exec_verbs
verb	RUN-START	actuator	exec-run PLAN start — exec_verbs; emitted on registry Status=ready
verb	REVIEW	actuator	exec-dispatch PLAN --role review --task Tnn — exec_verbs; emitted report ∧ ¬verdict ∧ ¬reviewer
verb	FIX	actuator	exec-dispatch PLAN --role fix --task Tnn — exec_verbs; emitted on unclean verdict
verb	REVIVE	actuator	exec-ladder PLAN TID revive — exec_verbs; was "manual rewrite" pre-hardening
verb	REDISPATCH	actuator	exec-ladder PLAN TID redispatch — exec_verbs
verb	ADJUDICATE	actuator	exec-adjudicate PLAN TID; spawn SUPERVISOR — exec_verbs
verb	REPORT	actuator	exec-report PLAN REPORT_FILE — exec_verbs; emitted only on clean verdict
verb	GATE-STAGE	actuator	exec-run PLAN complete — exec_verbs
verb	DISPATCH	actuator	exec-dispatch PLAN --task N --role impl — exec_verbs
verb	ASK	actuator	relay / DECIDE / SUPERVISOR — exec_verbs; blocked|needs-context reports route here
verb	WAIT	actuator	none — exec_verbs; emit carries "(wake on …)" condition
verb	DONE	actuator	none (terminal) — exec_verbs
verb	PHASE-ENTER	actuator	exec-initiative phase … entered + exec-dispatch --role author — exec_verbs
verb	PHASE-GATE	actuator	exec-present INIT PHASE (gate card) / exec-gate --auto — exec_verbs
verb	CRITIQUE	actuator	exec-critique INIT COMPONENT init + dispatch AUDIT — exec_verbs

# post-hardening scripts (state writes they own)
script	exec-dispatch	writes	dispatches.md rows (exec_dispatch_append) + progress.md annotated mark + mints agent IDs — exec-dispatch
script	exec-ladder	writes	dispatches.md Outcome=revived-rvN + Last-Seen; enforces EXEC_MAX_REVIVE — exec-ladder
script	exec-seen	writes	dispatches.md Last-Seen on open rows — exec-seen
script	exec-heartbeat	writes	state/<task>.heartbeat witness — exec-heartbeat
script	exec-prompt	reads	*-prompt.md templates; refuses unfilled [UPPER_SNAKE] — exec-prompt
script	exec-adjudicate	writes	state/adjudication/<TID>-evidence.md + dispatches SUPERVISOR — exec-adjudicate
script	exec-present	reads	INDEX.md phase row + critique registry → GATE-CARD — exec-present
script	exec-status	reads	both stores → resume digest; --write stamps .executor/RESUME.md — exec-status
script	exec	front-door	bare=exec-status; exec <name>→exec-<name>; verbs/roles print registries — exec
script	exec-graph	reads	all stores + scripts; check = verbs/writers/roles/ids/refs integrity — exec-graph

# ---------------------------------------------------------------- gates
gate	store-lock	store_lock/store_unlock on shared stores — _exec-lib.sh:731-745
gate	ledger-grammar	exec_ledger_states canonical+narrative parse — _exec-lib.sh:215-246
gate	liveness	exec_row_liveness zombie|alive|suspect|dead — _exec-lib.sh:838-869
gate	no-progress	state/.step-stamp action|digest|count, limit EXEC_NO_PROGRESS_LIMIT=3 — exec-step:75-101
gate	revive-ladder	EXEC_MAX_REVIVE=2, counted from revived-rvN cells — exec-supervise:28-45
gate	phase-order	exec_phases 11-phase order — _exec-lib.sh:877-879
gate	critique-components	exec_critique_components registry — _exec-lib.sh:898-910
